{
    "pools": [
        {
            "name": "futuremc:salmon",
            "rolls": 1,
            "entries": [
                {
                    "type": "item",
                    "name": "minecraft:fish",
                    "functions": [
                        {
                            "function": "furnace_smelt",
                            "conditions": [
                                {
                                    "condition": "entity_properties",
                                    "entity": "this",
                                    "properties": {
                                        "on_fire": true
                                    }
                                }
                            ]
                        },
                        {
                            "function": "minecraft:set_data",
                            "data": 1
                        }
                    ]
                }
            ]
        },
        {
            "name": "futuremc:salmon",
            "rolls": 1,
            "entries": [
                {
                    "type": "item",
                    "name": "minecraft:dye",
                    "functions": [
                        {
                            "function": "minecraft:set_data",
                            "data": 15
                        }
                    ]
                }
            ],
            "conditions": [
                {
                    "condition": "random_chance",
                    "chance": 0.05
                }
            ]
        }
    ]
}