{
	"parent": "block/cube",
	"textures": {
		"particle": "refined_avaritia:blocks/extreme_pattern_encoder",
		"down": "refined_avaritia:blocks/extreme_pattern_encoder2",
		"up": "refined_avaritia:blocks/extreme_pattern_encoder",
		"east": "refined_avaritia:blocks/extreme_pattern_encoder_side",
		"west": "refined_avaritia:blocks/extreme_pattern_encoder_side",
		"north": "refined_avaritia:blocks/extreme_pattern_encoder_side",
		"south": "refined_avaritia:blocks/extreme_pattern_encoder_side"
	}
}