<?xml version="1.0" encoding="utf-8"?>
<recipes>

    <recipe type="integrateddynamics:squeezer">
        <tag>ores</tag>
        <condition type="config">squeezer</condition>
        <input>
            <item>minecraft:stone</item>
        </input>
        <output>
            <item>minecraft:cobblestone</item>
        </output>
    </recipe>

    <recipe type="integrateddynamics:squeezer">
        <tag>ores</tag>
        <condition type="config">squeezer</condition>
        <input>
            <item>minecraft:cobblestone</item>
        </input>
        <output>
            <item>minecraft:gravel</item>
        </output>
    </recipe>

    <recipe type="integrateddynamics:squeezer">
        <tag>ores</tag>
        <condition type="config">squeezer</condition>
        <input>
            <item>minecraft:gravel</item>
        </input>
        <output>
            <item>minecraft:flint</item>
            <item chance="0.5">minecraft:flint</item>
        </output>
    </recipe>

    <recipe type="integrateddynamics:squeezer">
        <tag>ores</tag>
        <condition type="config">squeezer</condition>
        <input>
            <item>minecraft:stonebrick</item>
        </input>
        <output>
            <item meta="2">minecraft:stonebrick</item>
        </output>
    </recipe>

    <recipe type="integrateddynamics:squeezer">
        <tag>ores</tag>
        <condition type="config">squeezer</condition>
        <input>
            <item>minecraft:sandstone</item>
        </input>
        <output>
            <item amount="2">minecraft:sand</item>
        </output>
    </recipe>

    <recipe type="integrateddynamics:squeezer">
        <tag>ores</tag>
        <condition type="config">squeezer</condition>
        <input>
            <item>minecraft:glowstone</item>
        </input>
        <output>
            <item amount="4">minecraft:glowstone_dust</item>
        </output>
    </recipe>

    <recipe type="integrateddynamics:squeezer">
        <tag>ores</tag>
        <condition type="config">squeezer</condition>
        <condition type="oredict">oreGold</condition>
        <condition type="oredict">dustGold</condition>
        <input>
            <item type="oredict">oreGold</item>
        </input>
        <output>
            <item type="oredict">dustGold</item>
            <item type="oredict" chance="0.75">dustGold</item>
        </output>
    </recipe>

    <recipe type="integrateddynamics:squeezer">
        <tag>ores</tag>
        <condition type="config">squeezer</condition>
        <condition type="oredict">oreIron</condition>
        <condition type="oredict">dustIron</condition>
        <input>
            <item type="oredict">oreIron</item>
        </input>
        <output>
            <item type="oredict">dustIron</item>
            <item type="oredict" chance="0.75">dustIron</item>
        </output>
    </recipe>

    <recipe type="integrateddynamics:squeezer">
        <tag>ores</tag>
        <condition type="config">squeezer</condition>
        <condition type="oredict">oreCopper</condition>
        <condition type="oredict">dustCopper</condition>
        <input>
            <item type="oredict">oreCopper</item>
        </input>
        <output>
            <item type="oredict">dustCopper</item>
            <item type="oredict" chance="0.75">dustCopper</item>
        </output>
    </recipe>

    <recipe type="integrateddynamics:squeezer">
        <tag>ores</tag>
        <condition type="config">squeezer</condition>
        <condition type="oredict">oreTin</condition>
        <condition type="oredict">dustTin</condition>
        <input>
            <item type="oredict">oreTin</item>
        </input>
        <output>
            <item type="oredict">dustTin</item>
            <item type="oredict" chance="0.75">dustTin</item>
        </output>
    </recipe>

    <recipe type="integrateddynamics:squeezer">
        <tag>ores</tag>
        <condition type="config">squeezer</condition>
        <condition type="oredict">oreSilver</condition>
        <condition type="oredict">dustSilver</condition>
        <input>
            <item type="oredict">oreSilver</item>
        </input>
        <output>
            <item type="oredict">dustSilver</item>
            <item type="oredict" chance="0.75">dustSilver</item>
        </output>
    </recipe>

    <recipe type="integrateddynamics:squeezer">
        <tag>ores</tag>
        <condition type="config">squeezer</condition>
        <condition type="oredict">oreLead</condition>
        <condition type="oredict">dustLead</condition>
        <input>
            <item type="oredict">oreLead</item>
        </input>
        <output>
            <item type="oredict">dustLead</item>
            <item type="oredict" chance="0.75">dustLead</item>
        </output>
    </recipe>

    <recipe type="integrateddynamics:squeezer">
        <tag>ores</tag>
        <condition type="config">squeezer</condition>
        <condition type="oredict">oreNickel</condition>
        <condition type="oredict">dustNickel</condition>
        <input>
            <item type="oredict">oreNickel</item>
        </input>
        <output>
            <item type="oredict">dustNickel</item>
            <item type="oredict" chance="0.75">dustNickel</item>
        </output>
    </recipe>

    <recipe type="integrateddynamics:squeezer">
        <tag>ores</tag>
        <condition type="config">squeezer</condition>
        <condition type="oredict">orePlatinum</condition>
        <condition type="oredict">dustPlatinum</condition>
        <input>
            <item type="oredict">orePlatinum</item>
        </input>
        <output>
            <item type="oredict">dustPlatinum</item>
            <item type="oredict" chance="0.75">dustPlatinum</item>
        </output>
    </recipe>

    <recipe type="integrateddynamics:squeezer">
        <tag>ores</tag>
        <condition type="config">squeezer</condition>
        <condition type="oredict">oreMithril</condition>
        <condition type="oredict">dustMithril</condition>
        <input>
            <item type="oredict">oreMithril</item>
        </input>
        <output>
            <item type="oredict">dustMithril</item>
            <item type="oredict" chance="0.75">dustMithril</item>
        </output>
    </recipe>

    <recipe type="integrateddynamics:squeezer">
        <tag>ores</tag>
        <condition type="config">squeezer</condition>
        <condition type="oredict">oreCobalt</condition>
        <condition type="oredict">dustCobalt</condition>
        <input>
            <item type="oredict">oreCobalt</item>
        </input>
        <output>
            <item type="oredict">dustCobalt</item>
            <item type="oredict" chance="0.75">dustCobalt</item>
        </output>
    </recipe>

    <recipe type="integrateddynamics:squeezer">
        <tag>ores</tag>
        <condition type="config">squeezer</condition>
        <condition type="oredict">oreArdite</condition>
        <condition type="oredict">dustArdite</condition>
        <input>
            <item type="oredict">oreArdite</item>
        </input>
        <output>
            <item type="oredict">dustArdite</item>
            <item type="oredict" chance="0.75">dustArdite</item>
        </output>
    </recipe>

    <recipe type="integrateddynamics:squeezer">
        <tag>ores</tag>
        <condition type="config">squeezer</condition>
        <condition type="oredict">dustObsidian</condition>
        <input>
            <item>minecraft:obsidian</item>
        </input>
        <output>
            <item type="oredict">dustObsidian</item>
        </output>
    </recipe>

</recipes>