{
    "forge_marker": 1,
    "defaults": {
        "model": "futuremc:barrel"
    },
    "variants": {
        "inventory": [
            {}
        ],
        "facing=down,open=false": { "model": "futuremc:barrel", "x": 180 },
        "facing=up,open=false": { "model": "futuremc:barrel" },
        "facing=north,open=false": { "model": "futuremc:barrel", "x": 90 },
        "facing=south,open=false": { "model": "futuremc:barrel", "x": 90, "y": 180 },
        "facing=west,open=false": { "model": "futuremc:barrel", "x": 90, "y": 270 },
        "facing=east,open=false": { "model": "futuremc:barrel", "x": 90, "y": 90 },
        "facing=down,open=true": { "model": "futuremc:barrel_open", "x": 180 },
        "facing=up,open=true": { "model": "futuremc:barrel_open" },
        "facing=north,open=true": { "model": "futuremc:barrel_open", "x": 90 },
        "facing=south,open=true": { "model": "futuremc:barrel_open", "x": 90, "y": 180 },
        "facing=west,open=true": { "model": "futuremc:barrel_open", "x": 90, "y": 270 },
        "facing=east,open=true": { "model": "futuremc:barrel_open", "x": 90, "y": 90 }
    }
}