{
    "forge_marker": 1,
    "defaults": {
        "model": "futuremc:smithing_table"
    },
    "variants": {
        "normal": [
            {}
        ],
        "inventory": [
            {}
        ],
        "facing": {
            "north": {},
            "south": {
                "y": 180
            },
            "west": {
                "y": 270
            },
            "east": {
                "y": 90
            },
            "up": {},
            "down": {}
        }
    }
}