{
    "forge_marker": 1,
    "defaults": {
        "model": "futuremc:smoker"
    },
    "variants": {
        "inventory": [
            {}
        ],
        "facing=north,lit=false": {
            "model": "futuremc:smoker"
        },
        "facing=south,lit=false": {
            "model": "futuremc:smoker",
            "y": 180
        },
        "facing=west,lit=false": {
            "model": "futuremc:smoker",
            "y": 270
        },
        "facing=east,lit=false": {
            "model": "futuremc:smoker",
            "y": 90
        },
        "facing=north,lit=true": {
            "model": "futuremc:smoker_on"
        },
        "facing=south,lit=true": {
            "model": "futuremc:smoker_on",
            "y": 180
        },
        "facing=west,lit=true": {
            "model": "futuremc:smoker_on",
            "y": 270
        },
        "facing=east,lit=true": {
            "model": "futuremc:smoker_on",
            "y": 90
        }
    }
}