{
    "variants": {
        "facing=east,lit=false": {
            "model": "block/campfire_off",
            "y": 270
        },
        "facing=east,lit=true": {
            "model": "futuremc:block/soul_campfire",
            "y": 270
        },
        "facing=north,lit=false": {
            "model": "block/campfire_off",
            "y": 180
        },
        "facing=north,lit=true": {
            "model": "futuremc:block/soul_campfire",
            "y": 180
        },
        "facing=south,lit=false": {
            "model": "block/campfire_off"
        },
        "facing=south,lit=true": {
            "model": "futuremc:block/soul_campfire"
        },
        "facing=west,lit=false": {
            "model": "block/campfire_off",
            "y": 90
        },
        "facing=west,lit=true": {
            "model": "futuremc:block/soul_campfire",
            "y": 90
        }
    }
}