{
    "multipart": [
        {
            "apply": [
                {
                    "model": "futuremc:block/soul_fire_floor0"
                },
                {
                    "model": "futuremc:block/soul_fire_floor1"
                }
            ]
        },
        {
            "apply": [
                {
                    "model": "futuremc:block/soul_fire_side0"
                },
                {
                    "model": "futuremc:block/soul_fire_side1"
                },
                {
                    "model": "futuremc:block/soul_fire_side_alt0"
                },
                {
                    "model": "futuremc:block/soul_fire_side_alt1"
                }
            ]
        },
        {
            "apply": [
                {
                    "model": "futuremc:block/soul_fire_side0",
                    "y": 90
                },
                {
                    "model": "futuremc:block/soul_fire_side1",
                    "y": 90
                },
                {
                    "model": "futuremc:block/soul_fire_side_alt0",
                    "y": 90
                },
                {
                    "model": "futuremc:block/soul_fire_side_alt1",
                    "y": 90
                }
            ]
        },
        {
            "apply": [
                {
                    "model": "futuremc:block/soul_fire_side0",
                    "y": 180
                },
                {
                    "model": "futuremc:block/soul_fire_side1",
                    "y": 180
                },
                {
                    "model": "futuremc:block/soul_fire_side_alt0",
                    "y": 180
                },
                {
                    "model": "futuremc:block/soul_fire_side_alt1",
                    "y": 180
                }
            ]
        },
        {
            "apply": [
                {
                    "model": "futuremc:block/soul_fire_side0",
                    "y": 270
                },
                {
                    "model": "futuremc:block/soul_fire_side1",
                    "y": 270
                },
                {
                    "model": "futuremc:block/soul_fire_side_alt0",
                    "y": 270
                },
                {
                    "model": "futuremc:block/soul_fire_side_alt1",
                    "y": 270
                }
            ]
        }
    ]
}