{
    "forge_marker": 1,
    "defaults": {
        "model": "futuremc:stonecutter"
    },
    "variants": {
        "inventory": [
            {}
        ],
        "facing=north": {
            "model": "futuremc:stonecutter"
        },
        "facing=south": {
            "model": "futuremc:stonecutter",
            "y": 180
        },
        "facing=west": {
            "model": "futuremc:stonecutter",
            "y": 270
        },
        "facing=east": {
            "model": "futuremc:stonecutter",
            "y": 90
        }
    }
}