{
    "forge_marker": 1,
    "defaults": {
        "model": "futuremc:sweet_berry_bush_0"
    },
    "variants": {
        "normal": [
            {}
        ],
        "inventory": [
            {}
        ],
        "age=0": {
            "model": "futuremc:sweet_berry_bush_0"
        },
        "age=1": {
            "model": "futuremc:sweet_berry_bush_1"
        },
        "age=2": {
            "model": "futuremc:sweet_berry_bush_2"
        },
        "age=3": {
            "model": "futuremc:sweet_berry_bush_3"
        }
    }
}