{
    "textures": {
        "particle": "#tex"
    },
    "elements": [
        {
            "from": [
                0,
                8,
                0
            ],
            "to": [
                16,
                16,
                16
            ],
            "color": 7,
            "faces": {
                "north": {
                    "uv": [
                        0,
                        0,
                        16,
                        8
                    ],
                    "texture": "#tex"
                },
                "east": {
                    "uv": [
                        0,
                        0,
                        16,
                        8
                    ],
                    "texture": "#tex"
                },
                "south": {
                    "uv": [
                        0,
                        0,
                        16,
                        8
                    ],
                    "texture": "#tex"
                },
                "west": {
                    "uv": [
                        0,
                        0,
                        16,
                        8
                    ],
                    "texture": "#tex"
                },
                "up": {
                    "uv": [
                        0,
                        0,
                        16,
                        16
                    ],
                    "texture": "#tex"
                },
                "down": {
                    "uv": [
                        0,
                        0,
                        16,
                        16
                    ],
                    "texture": "#tex"
                }
            }
        }
    ]
}