{
  "canGenerateRivers": false,
  "skyColor": -1,
  "fogDensity": 1.0,
  "hasBiomeEssence": true,
  "variationBelow": 5.0,
  "variationAbove": 10.0,
  "seaFloorBlock": {
    "block": "minecraft:dirt",
    "properties": {
      "snowy": "false",
      "variant": "dirt"
    }
  },
  "fillerBlock": {
    "block": "minecraft:dirt",
    "properties": {
      "snowy": "false",
      "variant": "dirt"
    }
  },
  "averageHeight": 63.0,
  "topBlock": {
    "block": "minecraft:grass",
    "properties": {
      "snowy": "false"
    }
  },
  "fogColor": -1,
  "canGenerateVillages": false,
  "canSpawnInBiome": true,
  "generators": {
    "cattail": {
      "with": {
        "block": "biomesoplenty:plant_1",
        "properties": {
          "variant": "cattail"
        }
      },
      "generationAttempts": 32,
      "amountPerChunk": 0.2,
      "enable": true
    },
    "medium_lily": {
      "with": {
        "block": "biomesoplenty:waterlily",
        "properties": {
          "variant": "medium"
        }
      },
      "generationAttempts": 32,
      "amountPerChunk": 0.3,
      "enable": true
    },
    "brown_mushrooms": {
      "with": {
        "block": "minecraft:brown_mushroom",
        "properties": {}
      },
      "generationAttempts": 16,
      "amountPerChunk": 0.5,
      "enable": true
    },
    "poison_lakes": {
      "liquid": {
        "block": "biomesoplenty:poison",
        "properties": {
          "level": "0"
        }
      },
      "amountPerChunk": 0.1,
      "enable": false,
      "grassBorderWith": {
        "block": "minecraft:grass",
        "properties": {
          "snowy": "false"
        }
      }
    },
    "algae": {
      "with": {
        "block": "biomesoplenty:coral",
        "properties": {
          "level": "15",
          "variant": "algae"
        }
      },
      "generationAttempts": 32,
      "amountPerChunk": 2.0,
      "enable": true
    },
    "trees": {
      "amountPerChunk": 6.0,
      "enable": true,
      "generators": {}
    },
    "small_lily": {
      "with": {
        "block": "biomesoplenty:waterlily",
        "properties": {
          "variant": "small"
        }
      },
      "generationAttempts": 32,
      "amountPerChunk": 0.5,
      "enable": true
    },
    "flower_lily": {
      "with": {
        "block": "biomesoplenty:waterlily",
        "properties": {
          "variant": "flower"
        }
      },
      "generationAttempts": 32,
      "amountPerChunk": 0.25,
      "enable": true
    },
    "koru": {
      "with": {
        "block": "biomesoplenty:plant_0",
        "properties": {
          "variant": "koru"
        }
      },
      "generationAttempts": 32,
      "amountPerChunk": 0.3,
      "enable": true
    },
    "grass": {
      "amountPerChunk": 4.0,
      "enable": false,
      "generators": {}
    },
    "blue_milk_caps": {
      "with": {
        "block": "biomesoplenty:mushroom",
        "properties": {
          "variant": "blue_milk_cap"
        }
      },
      "generationAttempts": 16,
      "amountPerChunk": 0.1,
      "enable": true
    },
    "double_cattail": {
      "with": {
        "block": "biomesoplenty:double_plant",
        "properties": {
          "half": "lower",
          "variant": "tall_cattail"
        }
      },
      "generationAttempts": 32,
      "amountPerChunk": 0.1,
      "enable": true,
      "withTop": {
        "block": "biomesoplenty:double_plant",
        "properties": {
          "half": "upper",
          "variant": "tall_cattail"
        }
      }
    },
    "tiny_lily": {
      "with": {
        "block": "biomesoplenty:waterlily",
        "properties": {
          "variant": "tiny"
        }
      },
      "generationAttempts": 32,
      "amountPerChunk": 0.5,
      "enable": true
    },
    "red_mushrooms": {
      "with": {
        "block": "minecraft:red_mushroom",
        "properties": {}
      },
      "generationAttempts": 16,
      "amountPerChunk": 0.3,
      "enable": true
    },
    "glowshrooms": {
      "with": {
        "block": "biomesoplenty:mushroom",
        "properties": {
          "variant": "glowshroom"
        }
      },
      "generationAttempts": 64,
      "amountPerChunk": 1.5,
      "enable": true
    },
    "leaf_piles": {
      "with": {
        "block": "biomesoplenty:plant_0",
        "properties": {
          "variant": "leafpile"
        }
      },
      "generationAttempts": 32,
      "amountPerChunk": 0.1,
      "enable": true
    },
    "flowers": {
      "amountPerChunk": 0.25,
      "enable": true,
      "generators": {}
    },
    "miners_delight": {
      "with": {
        "block": "biomesoplenty:flower_1",
        "properties": {
          "variant": "miners_delight"
        }
      },
      "generationAttempts": 64,
      "amountPerChunk": 0.25,
      "enable": true
    },
    "roots": {
      "with": {
        "block": "biomesoplenty:plant_1",
        "properties": {
          "variant": "root"
        }
      },
      "generationAttempts": 32,
      "amountPerChunk": 4.0,
      "enable": false
    },
    "malachite": {
      "minHeight": 4,
      "with": {
        "block": "biomesoplenty:gem_ore",
        "properties": {
          "variant": "malachite"
        }
      },
      "amountPerChunk": 12.0,
      "maxHeight": 32,
      "enable": false
    },
    "water_reeds": {
      "with": {
        "block": "biomesoplenty:plant_1",
        "properties": {
          "variant": "reed"
        }
      },
      "generationAttempts": 32,
      "amountPerChunk": 0.7,
      "enable": true
    },
    "toadstools": {
      "with": {
        "block": "biomesoplenty:mushroom",
        "properties": {
          "variant": "toadstool"
        }
      },
      "generationAttempts": 16,
      "amountPerChunk": 0.2,
      "enable": true
    },
    "sand": {
      "with": {
        "block": "minecraft:sand",
        "properties": {
          "variant": "sand"
        }
      },
      "maxRadius": 7,
      "amountPerChunk": 0.5,
      "enable": true
    },
    "sugar_cane": {
      "minHeight": 1,
      "with": {
        "block": "minecraft:reeds",
        "properties": {
          "age": "0"
        }
      },
      "generationAttempts": 24,
      "amountPerChunk": 0.6,
      "maxHeight": 3,
      "enable": true,
      "randomDirection": false
    },
    "lily": {
      "with": {
        "block": "minecraft:waterlily",
        "properties": {}
      },
      "generationAttempts": 32,
      "amountPerChunk": 0.5,
      "enable": true
    },
    "mud": {
      "with": {
        "block": "biomesoplenty:mud",
        "properties": {
          "variant": "mud"
        }
      },
      "maxRadius": 8,
      "amountPerChunk": 0.5,
      "enable": true
    },
    "river_cane": {
      "minHeight": 1,
      "with": {
        "block": "biomesoplenty:plant_1",
        "properties": {
          "variant": "rivercane"
        }
      },
      "generationAttempts": 24,
      "amountPerChunk": 0.3,
      "maxHeight": 3,
      "enable": true,
      "randomDirection": false
    }
  },
  "weights": {
    "wet_temperate": 10
  }
}