{
	"dependencies": "biomesoplenty",
	"populate": {
		"ruby": {
			"enabled": "true",
			"distribution": "uniform",
			"generator": {
				"block": {
					"name": "biomesoplenty:gem_ore",
					"properties": {
						"variant": "ruby"
					}
				},
				"material": "minecraft:stone",
				"cluster-size": 8
			},
			"cluster-count": 1,
			"min-height": 0,
			"max-height": 28,
			"retrogen": "false",
			"biome": "all",
			"dimension": {
				"restriction": "blacklist",
				"value": [
					-1,
					1
				]
			}
		},
		"peridot": {
			"enabled": "true",
			"distribution": "uniform",
			"generator": {
				"block": {
					"name": "biomesoplenty:gem_ore",
					"properties": {
						"variant": "peridot"
					}
				},
				"material": "minecraft:stone",
				"cluster-size": 8
			},
			"cluster-count": 1,
			"min-height": 0,
			"max-height": 28,
			"retrogen": "false",
			"biome": "all",
			"dimension": {
				"restriction": "blacklist",
				"value": [
					-1,
					1
				]
			}
		},
		"topaz": {
			"enabled": "true",
			"distribution": "uniform",
			"generator": {
				"block": {
					"name": "biomesoplenty:gem_ore",
					"properties": {
						"variant": "topaz"
					}
				},
				"material": "minecraft:stone",
				"cluster-size": 8
			},
			"cluster-count": 1,
			"min-height": 0,
			"max-height": 28,
			"retrogen": "false",
			"biome": "all",
			"dimension": {
				"restriction": "blacklist",
				"value": [
					-1,
					1
				]
			}
		},
		"tanzanite": {
			"enabled": "true",
			"distribution": "uniform",
			"generator": {
				"block": {
					"name": "biomesoplenty:gem_ore",
					"properties": {
						"variant": "tanzanite"
					}
				},
				"material": "minecraft:stone",
				"cluster-size": 8
			},
			"cluster-count": 1,
			"min-height": 0,
			"max-height": 28,
			"retrogen": "false",
			"biome": "all",
			"dimension": {
				"restriction": "blacklist",
				"value": [
					-1,
					1
				]
			}
		},
		"malachite": {
			"enabled": "true",
			"distribution": "uniform",
			"generator": {
				"block": {
					"name": "biomesoplenty:gem_ore",
					"properties": {
						"variant": "malachite"
					}
				},
				"material": "minecraft:stone",
				"cluster-size": 8
			},
			"cluster-count": 1,
			"min-height": 0,
			"max-height": 28,
			"retrogen": "false",
			"biome": "all",
			"dimension": {
				"restriction": "blacklist",
				"value": [
					-1,
					1
				]
			}
		},
		"sapphire": {
			"enabled": "true",
			"distribution": "uniform",
			"generator": {
				"block": {
					"name": "biomesoplenty:gem_ore",
					"properties": {
						"variant": "sapphire"
					}
				},
				"material": "minecraft:stone",
				"cluster-size": 8
			},
			"cluster-count": 1,
			"min-height": 0,
			"max-height": 28,
			"retrogen": "false",
			"biome": "all",
			"dimension": {
				"restriction": "blacklist",
				"value": [
					-1,
					1
				]
			}
		},
		"amethyst": {
			"enabled": "true",
			"distribution": "uniform",
			"generator": {
				"block": {
					"name": "biomesoplenty:gem_ore",
					"properties": {
						"variant": "amethyst"
					}
				},
				"material": "minecraft:end_stone",
				"cluster-size": 8
			},
			"cluster-count": 1,
			"min-height": 0,
			"max-height": 128,
			"retrogen": "false",
			"biome": "all",
			"dimension": {
				"restriction": "blacklist",
				"value": [
					-1,
					0
				]
			}
		},
		"amber": {
			"enabled": "true",
			"distribution": "uniform",
			"generator": {
				"block": {
					"name": "biomesoplenty:gem_ore",
					"properties": {
						"variant": "amber"
					}
				},
				"material": "minecraft:stone",
				"cluster-size": 8
			},
			"cluster-count": 1,
			"min-height": 0,
			"max-height": 28,
			"retrogen": "false",
			"biome": "all",
			"dimension": {
				"restriction": "blacklist",
				"value": [
					-1,
					1
				]
			}
		}
	}
}
