{
	"dependencies": "zcontent",
	"populate": {
		"metoer_custom": {
			"enabled": "true",
			"distribution": "uniform",
			"generator": {
				"block": "zcontent:meteor_block",
				"material": "minecraft:bedrock",
				"cluster-size": 8
			},
			"cluster-count": 16,
			"chunk-chance": 8,
			"min-height": 2,
			"max-height": 127, 
			"retrogen": "false",
			"biome": {
				"restriction": "whitelist",
				"value": [
					{
						"type": "dictionary",
						"entry": "NETHER"
					}
				]
			},
			"dimension": "all"
		},
		"uranium_custom": {
			"enabled": "true",
			"distribution": "uniform",
			"generator": {
				"block": "zcontent:uranium_ore",
				"material": "minecraft:stone",
				"cluster-size": 8
			},
			"cluster-count": 1,
			"chunk-chance": 32,
			"min-height": 0,
			"max-height": 28, 
			"retrogen": "false",
			"biome": "all",
			"dimension": {
				"restriction": "blacklist",
				"value": [
					-1,
					1
				]
			}
		},
		"ancient_derbis_custom": {
			"enabled": "true",
			"distribution": "uniform",
			"generator": {
				"block": "futuremc:ancient_debris",
				"material": "minecraft:netherrack",
				"cluster-size": 16
			},
			"cluster-count": 1,
			"chunk-chance": 16,
			"min-height": 0,
			"max-height": 20, 
			"retrogen": "true",
			"biome": {
				"restriction": "whitelist",
				"value": [
					{
						"type": "dictionary",
						"entry": "NETHER"
					}
				]
			},
			"dimension": "all"
		},
		"ardite_custom": {
			"enabled": "true",
			"distribution": "uniform",
			"generator": {
				"block": "zcontent:ardite_ore",
				"material": "minecraft:netherrack",
				"cluster-size": 8
			},
			"cluster-count": 4,
			"min-height": 96,
			"max-height": 128, 
			"retrogen": "false",
			"biome": {
				"restriction": "whitelist",
				"value": [
					{
						"type": "dictionary",
						"entry": "NETHER"
					}
				]
			},
			"dimension": "all"
		},
		"cobalt_custom": {
			"enabled": "true",
			"distribution": "uniform",
			"generator": {
				"block": "zcontent:cobalt_ore",
				"material": "minecraft:netherrack",
				"cluster-size": 8
			},
			"cluster-count": 4,
			"min-height": 0,
			"max-height": 32, 
			"retrogen": "false",
			"biome": {
				"restriction": "whitelist",
				"value": [
					{
						"type": "dictionary",
						"entry": "NETHER"
					}
				]
			},
			"dimension": "all"
		},
		"copper_custom": {
			"enabled": "true",
			"distribution": "uniform",
			"generator": {
				"block": "zcontent:copper_ore",
				"material": "minecraft:stone",
				"cluster-size": 16
			},
			"cluster-count": 9,
			"min-height": 0,
			"max-height": 96,
			"retrogen": "true",
			"biome": "all",
			"dimension": {
				"restriction": "blacklist",
				"value": [
					-1,
					1
				]
			}
		},
		"tin_custom": {
			"enabled": "true",
			"distribution": "uniform",
			"generator": {
				"block": "zcontent:tin_ore",
				"material": "minecraft:stone",
				"cluster-size": 8
			},
			"cluster-count": 5,
			"min-height": 0,
			"max-height": 60,
			"retrogen": "true",
			"biome": "all",
			"dimension": {
				"restriction": "blacklist",
				"value": [
					-1,
					1
				]
			}
		},
		"silver_custom": {
			"enabled": "true",
			"distribution": "uniform",
			"generator": {
				"block": "zcontent:silver_ore",
				"material": "minecraft:stone",
				"cluster-size": 8
			},
			"cluster-count": 4,
			"min-height": 0,
			"max-height": 30,
			"retrogen": "true",
			"biome": "all",
			"dimension": {
				"restriction": "blacklist",
				"value": [
					-1,
					1
				]
			}
		},
		"lead_custom": {
			"enabled": "true",
			"distribution": "uniform",
			"generator": {
				"block": "zcontent:lead_ore",
				"material": "minecraft:stone",
				"cluster-size": 8
			},
			"cluster-count": 4,
			"min-height": 0,
			"max-height": 35,
			"retrogen": "true",
			"biome": "all",
			"dimension": {
				"restriction": "blacklist",
				"value": [
					-1,
					1
				]
			}
		},
		"nickel_custom": {
			"enabled": "true",
			"distribution": "uniform",
			"generator": {
				"block": "zcontent:nickel_ore",
				"material": "minecraft:stone",
				"cluster-size": 4
			},
			"cluster-count": 2,
			"min-height": 0,
			"max-height": 20,
			"retrogen": "true",
			"biome": "all",
			"dimension": {
				"restriction": "blacklist",
				"value": [
					-1,
					1
				]
			}
		},
		"aluminum_custom": {
			"enabled": "true",
			"distribution": "uniform",
			"generator": {
				"block": "zcontent:aluminum_ore",
				"material": "minecraft:stone",
				"cluster-size": 8
			},
			"cluster-count": 5,
			"min-height": 0,
			"max-height": 75,
			"retrogen": "true",
			"biome": "all",
			"dimension": {
				"restriction": "blacklist",
				"value": [
					-1,
					1
				]
			}
		}
	}
}
