{
    "parent": "builtin/generated",
    "textures": {
        "layer0": "backpacks16840:items/quantum_chest"
    },
    "display": {
        "thirdperson_lefthand": {
            "translation": [ 0, 2.5, -0.2 ],
            "scale": [ 0.55, 0.55, 0.55 ]
        },
        "thirdperson_righthand": {
            "rotation": [ 0, 180, 0 ],
            "translation": [ 0, 2.5, -0.2 ],
            "scale": [ 0.55, 0.55, 0.55 ]
        },
        "firstperson_lefthand": {
            "rotation": [ 0, 0, 0 ]
        },
        "firstperson_righthand": {
            "rotation": [ 0, 180, 0 ]
        }
    }
}
