{
	"landScheme": "continents",
	"tempScheme": "random",
	"rainScheme": "random",
	"biomeSize": "large",
	"amplitude": 1.000,
	"generateBopOre": false,
	"generateBopSoils": true,
	"generateBopTrees": true,
	"generateBopGrasses": false,
	"generateBopFoliage": true,
	"generateBopFlowers": true,
	"generateBopPlants": true,
	"generateBopWaterPlants": true,
	"generateBopMushrooms": true,
	"generateRockFormations": false,
	"generatePoisonIvy": false,
	"generateBerryBushes": true,
	"generateThorns": false,
	"generateQuicksand": false,
	"generateLiquidPoison": false,
	"generateHotSprings": false,
	"generateNetherHives": true,
	"generateEndFeatures": true,
	"mainNoiseScaleX": 165.0,
	"mainNoiseScaleY": 106.61267,
	"mainNoiseScaleZ": 165.0,
	"coordinateScale": 175.0,
	"heightScale": 75.0,
	"upperLimitScale": 512,
	"lowerLimitScale": 512
}