{
  "beachBiomeLocation": "minecraft:beaches",
  "generators": {
    "glowshrooms": {
      "with": {
        "block": "biomesoplenty:mushroom",
        "properties": {
          "variant": "glowshroom"
        }
      },
      "generationAttempts": 64,
      "amountPerChunk": 1.5,
      "enable": true
    },
    "crystals": {
      "maxDepth": 11,
      "with": {
        "block": "biomesoplenty:crystal",
        "properties": {}
      },
      "maxRadius": 7,
      "generationAttempts": 1500,
      "amountPerChunk": 12.0,
      "enable": true
    },
    "miners_delight": {
      "with": {
        "block": "biomesoplenty:flower_1",
        "properties": {
          "variant": "miners_delight"
        }
      },
      "generationAttempts": 64,
      "amountPerChunk": 0.25,
      "enable": true
    },
    "roots": {
      "enable": true
    },
    "amethyst": {
      "enable": true
    },
    "biome_essence": {
      "enable": true
    }
  }
}