{
"__comment": "Designed by - with BDcraft Cubik PRO 0.95 Beta - http://bdcraft.net",
"textures": {
    "particle": "blocks/brewing_stand_3d",
    "stand": "blocks/brewing_stand_3d",
    "base": "blocks/brewing_stand_base"
},
"elements": [ 
{
    "from": [ 0, 0, 4.5 ],
    "to": [ 7, 2, 11.5 ],
    "faces": {
        "down":  { "uv": [ 8.5, 15.5, 1.5, 8.5 ], "texture": "#base" },
        "up":    { "uv": [ 1.5, 8.5, 8.5, 15.5 ], "texture": "#base" },
        "north": { "uv": [ 9, 14, 16, 16 ], "texture": "#base" },
        "south": { "uv": [ 9, 14, 16, 16 ], "texture": "#base" },
        "west":  { "uv": [ 9, 14, 16, 16 ], "texture": "#base" },
        "east":  { "uv": [ 9, 14, 16, 16 ], "texture": "#base" }
    }
},
{
    "from": [ 8, 0, 9 ],
    "to": [ 15, 2, 16 ],
    "faces": {
        "down":  { "uv": [ 15.5, 11.5, 8.5, 4.5 ], "texture": "#base" },
        "up":    { "uv": [ 8.5, 4.5, 15.5, 11.5 ], "texture": "#base" },
        "north": { "uv": [ 9, 14, 16, 16 ], "texture": "#base" },
        "south": { "uv": [ 9, 14, 16, 16 ], "texture": "#base" },
        "west":  { "uv": [ 9, 14, 16, 16 ], "texture": "#base" },
        "east":  { "uv": [ 9, 14, 16, 16 ], "texture": "#base" }
    }
},
{
    "from": [ 8, 0, 0 ],
    "to": [ 15, 2, 7 ],
    "faces": {
        "down":  { "uv": [ 8.5, 7.5, 1.5, 0.5 ], "texture": "#base" },
        "up":    { "uv": [ 1.5, 0.5, 8.5, 7.5 ], "texture": "#base" },
        "north": { "uv": [ 9, 14, 16, 16 ], "texture": "#base" },
        "south": { "uv": [ 9, 14, 16, 16 ], "texture": "#base" },
        "west":  { "uv": [ 9, 14, 16, 16 ], "texture": "#base" },
        "east":  { "uv": [ 9, 14, 16, 16 ], "texture": "#base" }
    }
},
{
    "from": [ 7, 0, 7 ],
    "to": [ 9, 12, 9 ],
    "faces": {
        "down":  { "uv": [ 2, 15.5, 0, 13.5 ], "texture": "#stand" },
        "up":    { "uv": [ 0, 13.5, 2, 15.5 ], "texture": "#stand" },
        "north": { "uv": [ 0, 4, 2, 16 ], "texture": "#stand" },
        "south": { "uv": [ 0, 4, 2, 16 ], "texture": "#stand" },
        "west":  { "uv": [ 0, 4, 2, 16 ], "texture": "#stand" },
        "east":  { "uv": [ 0, 4, 2, 16 ], "texture": "#stand" }
    }
},
{
    "from": [ 6, 11.5, 6 ],
    "to": [ 10, 14.5, 10 ],
    "faces": {
        "down":  { "uv": [ 9, 11, 5, 7 ], "texture": "#stand" },
        "up":    { "uv": [ 5, 7, 9, 11 ], "texture": "#stand" },
        "north": { "uv": [ 5, 7.5, 9, 10.5 ], "texture": "#stand" },
        "south": { "uv": [ 5, 7.5, 9, 10.5 ], "texture": "#stand" },
        "west":  { "uv": [ 5, 7.5, 9, 10.5 ], "texture": "#stand" },
        "east":  { "uv": [ 5, 7.5, 9, 10.5 ], "texture": "#stand" }
    }
},
{
    "from": [ 3, 12, 7.5 ],
    "to": [ 6, 14, 8.5 ],
    "faces": {
        "down":  { "uv": [ 10, 15.5, 7, 14.5 ], "texture": "#stand" },
        "up":    { "uv": [ 7, 14.5, 10, 15.5 ], "texture": "#stand" },
        "north": { "uv": [ 7, 14, 10, 16 ], "texture": "#stand" },
        "south": { "uv": [ 7, 14, 10, 16 ], "texture": "#stand" },
        "west":  { "uv": [ 7, 14, 8, 16 ], "texture": "#stand" },
        "east":  { "uv": [ 7, 14, 8, 16 ], "texture": "#stand" }
    }
},
{
    "from": [ 9, 12, 9 ],
    "to": [ 13, 14, 10 ],
    "rotation": { "origin": [ 9, 12, 9 ], "axis": "y", "angle": -45 },
    "faces": {
        "down":  { "uv": [ 10, 15.5, 7, 14.5 ], "texture": "#stand" },
        "up":    { "uv": [ 7, 14.5, 10, 15.5 ], "texture": "#stand" },
        "north": { "uv": [ 7, 14, 10, 16 ], "texture": "#stand" },
        "south": { "uv": [ 7, 14, 10, 16 ], "texture": "#stand" },
        "west":  { "uv": [ 7, 14, 8, 16 ], "texture": "#stand" },
        "east":  { "uv": [ 7, 14, 8, 16 ], "texture": "#stand" }
    }
},
{
    "from": [ 8.5, 12, 6 ],
    "to": [ 12.5, 14, 7 ],
    "rotation": { "origin": [ 8.5, 12, 6 ], "axis": "y", "angle": 45 },
    "faces": {
        "down":  { "uv": [ 10, 15.5, 7, 14.5 ], "texture": "#stand" },
        "up":    { "uv": [ 7, 14.5, 10, 15.5 ], "texture": "#stand" },
        "north": { "uv": [ 7, 14, 10, 16 ], "texture": "#stand" },
        "south": { "uv": [ 7, 14, 10, 16 ], "texture": "#stand" },
        "west":  { "uv": [ 7, 14, 8, 16 ], "texture": "#stand" },
        "east":  { "uv": [ 7, 14, 8, 16 ], "texture": "#stand" }
    }
},
{
    "from": [ 2, 11, 7 ],
    "to": [ 3, 16, 9 ],
    "faces": {
        "down":  { "uv": [ 8, 0.5, 9, 2.5 ], "texture": "#stand" },
        "up":    { "uv": [ 8, 0.5, 9, 2.5 ], "texture": "#stand" },
        "north": { "uv": [ 8, 0.5, 9, 5.5 ], "texture": "#stand" },
        "south": { "uv": [ 8, 0.5, 9, 5.5 ], "texture": "#stand" },
        "west":  { "uv": [ 8, 0.5, 10, 5.5 ], "texture": "#stand" },
        "east":  { "uv": [ 8, 0.5, 10, 5.5 ], "texture": "#stand" }
    }
},
{
    "from": [ 10.5, 11, 3 ],
    "to": [ 11.5, 16, 5.5 ],
    "rotation": { "origin": [ 10.5, 11, 3 ], "axis": "y", "angle": 45 },
    "faces": {
        "down":  { "uv": [ 8, 0.5, 9, 3 ], "texture": "#stand" },
        "up":    { "uv": [ 8, 0.5, 9, 3 ], "texture": "#stand" },
        "north": { "uv": [ 8, 0.5, 9, 5.5 ], "texture": "#stand" },
        "south": { "uv": [ 8, 0.5, 9, 5.5 ], "texture": "#stand" },
        "west":  { "uv": [ 8, 0.5, 10.5, 5.5 ], "texture": "#stand" },
        "east":  { "uv": [ 8, 0.5, 10.5, 5.5 ], "texture": "#stand" }
    }
},
{
    "from": [ 11.9375, 11, 11 ],
    "to": [ 12.9375, 16, 13.5 ],
    "rotation": { "origin": [ 11.9375, 11, 11 ], "axis": "y", "angle": -45 },
    "faces": {
        "down":  { "uv": [ 8, 0.5, 9, 3 ], "texture": "#stand" },
        "up":    { "uv": [ 8, 0.5, 9, 3 ], "texture": "#stand" },
        "north": { "uv": [ 8, 0.5, 9, 5.5 ], "texture": "#stand" },
        "south": { "uv": [ 8, 0.5, 9, 5.5 ], "texture": "#stand" },
        "west":  { "uv": [ 8, 0.5, 10.5, 5.5 ], "texture": "#stand" },
        "east":  { "uv": [ 8, 0.5, 10.5, 5.5 ], "texture": "#stand" }
    }
},
{
    "from": [ 9.5, 10, 12.5 ],
    "to": [ 12.5, 11, 15.5 ],
    "rotation": { "origin": [ 9.5, 10, 12.5 ], "axis": "y", "angle": 45 },
    "faces": {
        "down":  { "uv": [ 8, 8.5, 5, 5.5 ], "texture": "#stand" },
        "up":    { "uv": [ 5, 5.5, 8, 8.5 ], "texture": "#stand" },
        "north": { "uv": [ 5, 5.5, 8, 6.5 ], "texture": "#stand" },
        "south": { "uv": [ 5, 5.5, 8, 6.5 ], "texture": "#stand" },
        "west":  { "uv": [ 5, 5.5, 8, 6.5 ], "texture": "#stand" },
        "east":  { "uv": [ 5, 5.5, 8, 6.5 ], "texture": "#stand" }
    }
},
{
    "from": [ 1, 10, 6.5 ],
    "to": [ 4, 11, 9.5 ],
    "faces": {
        "down":  { "uv": [ 8, 8.5, 5, 5.5 ], "texture": "#stand" },
        "up":    { "uv": [ 5, 5.5, 8, 8.5 ], "texture": "#stand" },
        "north": { "uv": [ 5, 5.5, 8, 6.5 ], "texture": "#stand" },
        "south": { "uv": [ 5, 5.5, 8, 6.5 ], "texture": "#stand" },
        "west":  { "uv": [ 5, 5.5, 8, 6.5 ], "texture": "#stand" },
        "east":  { "uv": [ 5, 5.5, 8, 6.5 ], "texture": "#stand" }
    }
},
{
    "from": [ 11.5, 10, 1 ],
    "to": [ 15, 11, 4.5 ],
    "rotation": { "origin": [ 11.5, 10, 1 ], "axis": "y", "angle": -45 },
    "faces": {
        "down":  { "uv": [ 8, 8.5, 5, 5.5 ], "texture": "#stand" },
        "up":    { "uv": [ 5, 5.5, 8, 8.5 ], "texture": "#stand" },
        "north": { "uv": [ 5, 5.5, 8, 6.5 ], "texture": "#stand" },
        "south": { "uv": [ 5, 5.5, 8, 6.5 ], "texture": "#stand" },
        "west":  { "uv": [ 5, 5.5, 8, 6.5 ], "texture": "#stand" },
        "east":  { "uv": [ 5, 5.5, 8, 6.5 ], "texture": "#stand" }
    }
},
{
    "from": [ 2, 8, 7.5 ],
    "to": [ 3, 10, 8.5 ],
    "faces": {
        "down":  { "uv": [ 3, 5.5, 2, 4.5 ], "texture": "#stand" },
        "up":    { "uv": [ 2, 4.5, 3, 5.5 ], "texture": "#stand" },
        "north": { "uv": [ 2, 2, 3, 4 ], "texture": "#stand" },
        "south": { "uv": [ 2, 2, 3, 4 ], "texture": "#stand" },
        "west":  { "uv": [ 2, 2, 3, 4 ], "texture": "#stand" },
        "east":  { "uv": [ 2, 2, 3, 4 ], "texture": "#stand" }
    }
},
{
    "from": [ 11, 8, 3 ],
    "to": [ 12, 10, 4 ],
    "faces": {
        "down":  { "uv": [ 3, 5.5, 2, 4.5 ], "texture": "#stand" },
        "up":    { "uv": [ 2, 4.5, 3, 5.5 ], "texture": "#stand" },
        "north": { "uv": [ 2, 2, 3, 4 ], "texture": "#stand" },
        "south": { "uv": [ 2, 2, 3, 4 ], "texture": "#stand" },
        "west":  { "uv": [ 2, 2, 3, 4 ], "texture": "#stand" },
        "east":  { "uv": [ 2, 2, 3, 4 ], "texture": "#stand" }
    }
},
{
    "from": [ 11, 8, 12 ],
    "to": [ 12, 10, 13 ],
    "faces": {
        "down":  { "uv": [ 3, 5.5, 2, 4.5 ], "texture": "#stand" },
        "up":    { "uv": [ 2, 4.5, 3, 5.5 ], "texture": "#stand" },
        "north": { "uv": [ 2, 2, 3, 4 ], "texture": "#stand" },
        "south": { "uv": [ 2, 2, 3, 4 ], "texture": "#stand" },
        "west":  { "uv": [ 2, 2, 3, 4 ], "texture": "#stand" },
        "east":  { "uv": [ 2, 2, 3, 4 ], "texture": "#stand" }
    }
}
]
}