{
"textures": {
    "particle": "blocks/brewing_stand_3d",
    "stand": "blocks/brewing_stand_3d"
},
"elements": [ 
{
    "from": [ 0, 2.5, 5.5 ],
    "to": [ 5, 6.5, 10.5 ],
    "faces": {
        "down":  { "uv": [ 8, 5.5, 3, 0.5 ], "texture": "#stand" },
        "up":    { "uv": [ 3, 0.5, 8, 5.5 ], "texture": "#stand" },
        "north": { "uv": [ 2, 11, 7, 15 ], "texture": "#stand" },
        "south": { "uv": [ 2, 11, 7, 15 ], "texture": "#stand" },
        "west":  { "uv": [ 2, 11, 7, 15 ], "texture": "#stand" },
        "east":  { "uv": [ 2, 11, 7, 15 ], "texture": "#stand" }
    }
},
{
    "from": [ 1.5, 6.5, 7 ],
    "to": [ 3.5, 8, 9 ],
    "faces": {
        "down":  { "uv": [ 14.5, 9, 12.5, 7 ], "texture": "#stand" },
        "up":    { "uv": [ 1.5, 7, 3.5, 9 ], "texture": "#stand" },
        "north": { "uv": [ 2, 9.5, 4, 11 ], "texture": "#stand" },
        "south": { "uv": [ 2, 9.5, 4, 11 ], "texture": "#stand" },
        "west":  { "uv": [ 2, 9.5, 4, 11 ], "texture": "#stand" },
        "east":  { "uv": [ 2, 9.5, 4, 11 ], "texture": "#stand" }
    }
},
{
    "from": [ 1, 8, 6.5 ],
    "to": [ 4, 9, 9.5 ],
    "faces": {
        "down":  { "uv": [ 5, 8.5, 2, 5.5 ], "texture": "#stand" },
        "up":    { "uv": [ 2, 5.5, 5, 8.5 ], "texture": "#stand" },
        "north": { "uv": [ 2, 8.5, 5, 9.5 ], "texture": "#stand" },
        "south": { "uv": [ 2, 8.5, 5, 9.5 ], "texture": "#stand" },
        "west":  { "uv": [ 2, 8.5, 5, 9.5 ], "texture": "#stand" },
        "east":  { "uv": [ 2, 8.5, 5, 9.5 ], "texture": "#stand" }
    }
}
]
}