{
  "enableRain": true,
  "canGenerateRivers": true,
  "beachBiomeLocation": "minecraft:beaches",
  "rainfall": 0.7,
  "skyColor": -1,
  "guiColour": 11035852,
  "fogDensity": 1.0,
  "hasBiomeEssence": true,
  "variationBelow": 4.0,
  "variationAbove": 12.0,
  "waterColor": 16777215,
  "seaFloorBlock": {
    "block": "minecraft:dirt",
    "properties": {
      "snowy": "false",
      "variant": "dirt"
    }
  },
  "fillerBlock": {
    "block": "biomesoplenty:dirt",
    "properties": {
      "coarse": "false",
      "variant": "silty"
    }
  },
  "averageHeight": 64.0,
  "topBlock": {
    "block": "biomesoplenty:grass",
    "properties": {
      "snowy": "false",
      "variant": "silty"
    }
  },
  "fogColor": -1,
  "temperature": 0.7,
  "canGenerateVillages": false,
  "canSpawnInBiome": false,
  "enableSnow": false,
  "generators": {
    "glowshrooms": {
      "with": {
        "block": "biomesoplenty:mushroom",
        "properties": {
          "variant": "glowshroom"
        }
      },
      "generationAttempts": 64,
      "amountPerChunk": 1.5,
      "enable": true
    },
    "miners_delight": {
      "with": {
        "block": "biomesoplenty:flower_1",
        "properties": {
          "variant": "miners_delight"
        }
      },
      "generationAttempts": 64,
      "amountPerChunk": 0.25,
      "enable": true
    },
    "grass": {
      "enable": true
    },
    "peridot": {
      "enable": true
    },
    "roots": {
      "enable": true
    },
    "lavender": {
      "with": {
        "block": "biomesoplenty:flower_1",
        "properties": {
          "variant": "lavender"
        }
      },
      "generationAttempts": 32,
      "amountPerChunk": 50.0,
      "enable": true
    },
    "trees": {
      "amountPerChunk": 1.0,
      "enable": true,
      "generators": {}
    }
  },
  "weights": {
    "mediteranean": 3
  }
}