{
  "enableRain": true,
  "canGenerateRivers": false,
  "rainfall": 0.8,
  "skyColor": -1,
  "guiColour": 6725742,
  "fogDensity": 1.0,
  "hasBiomeEssence": true,
  "variationBelow": 5.0,
  "variationAbove": 3.0,
  "waterColor": 16777215,
  "seaFloorBlock": {
    "block": "biomesoplenty:mud",
    "properties": {
      "variant": "mud"
    }
  },
  "fillerBlock": {
    "block": "biomesoplenty:dirt",
    "properties": {
      "coarse": "false",
      "variant": "loamy"
    }
  },
  "averageHeight": 62.0,
  "topBlock": {
    "block": "biomesoplenty:grass",
    "properties": {
      "snowy": "false",
      "variant": "loamy"
    }
  },
  "fogColor": -1,
  "temperature": 0.6,
  "canGenerateVillages": false,
  "canSpawnInBiome": false,
  "enableSnow": false,
  "generators": {
    "glowshrooms": {
      "with": {
        "block": "biomesoplenty:mushroom",
        "properties": {
          "variant": "glowshroom"
        }
      },
      "generationAttempts": 64,
      "amountPerChunk": 1.5,
      "enable": true
    },
    "miners_delight": {
      "with": {
        "block": "biomesoplenty:flower_1",
        "properties": {
          "variant": "miners_delight"
        }
      },
      "generationAttempts": 64,
      "amountPerChunk": 0.25,
      "enable": true
    },
    "koru": {
      "with": {
        "block": "biomesoplenty:plant_0",
        "properties": {
          "variant": "koru"
        }
      },
      "generationAttempts": 32,
      "amountPerChunk": 0.1,
      "enable": true
    },
    "grass": {
      "enable": true
    },
    "algae": {
      "with": {
        "block": "biomesoplenty:coral",
        "properties": {
          "level": "15",
          "variant": "algae"
        }
      },
      "generationAttempts": 32,
      "amountPerChunk": 10.0,
      "enable": true
    },
    "roots": {
      "enable": true
    },
    "lakes": {
      "enable": true
    },
    "malachite": {
      "enable": true
    },
    "water_reeds": {
      "with": {
        "block": "biomesoplenty:plant_1",
        "properties": {
          "variant": "reed"
        }
      },
      "generationAttempts": 32,
      "amountPerChunk": 0.1,
      "enable": true
    }
  },
  "weights": {
    "wet_temperate": 7
  }
}