{
  "enableRain": true,
  "canGenerateRivers": true,
  "beachBiomeLocation": "minecraft:beaches",
  "rainfall": 0.3,
  "skyColor": -1,
  "guiColour": 13165952,
  "fogDensity": 1.0,
  "hasBiomeEssence": false,
  "variationBelow": 4.0,
  "variationAbove": 6.0,
  "waterColor": 16777215,
  "seaFloorBlock": {
    "block": "minecraft:dirt",
    "properties": {
      "snowy": "false",
      "variant": "dirt"
    }
  },
  "fillerBlock": {
    "block": "biomesoplenty:dirt",
    "properties": {
      "coarse": "false",
      "variant": "silty"
    }
  },
  "averageHeight": 64.0,
  "topBlock": {
    "block": "biomesoplenty:grass",
    "properties": {
      "snowy": "false",
      "variant": "silty"
    }
  },
  "fogColor": -1,
  "temperature": 0.8,
  "canGenerateVillages": false,
  "canSpawnInBiome": true,
  "enableSnow": false,
  "generators": {
    "glowshrooms": {
      "with": {
        "block": "biomesoplenty:mushroom",
        "properties": {
          "variant": "glowshroom"
        }
      },
      "generationAttempts": 64,
      "amountPerChunk": 1.5,
      "enable": true
    },
    "miners_delight": {
      "with": {
        "block": "biomesoplenty:flower_1",
        "properties": {
          "variant": "miners_delight"
        }
      },
      "generationAttempts": 64,
      "amountPerChunk": 0.25,
      "enable": true
    },
    "grass": {
      "enable": true
    },
    "peridot": {
      "enable": true
    },
    "barley": {
      "with": {
        "block": "biomesoplenty:plant_1",
        "properties": {
          "variant": "barley"
        }
      },
      "generationAttempts": 32,
      "amountPerChunk": 45.0,
      "enable": true
    },
    "roots": {
      "enable": true
    },
    "water_reeds": {
      "with": {
        "block": "biomesoplenty:plant_1",
        "properties": {
          "variant": "reed"
        }
      },
      "generationAttempts": 32,
      "amountPerChunk": 1.0,
      "enable": true
    }
  },
  "weights": {}
}