{
  "enableRain": true,
  "canGenerateRivers": false,
  "rainfall": 0.9,
  "skyColor": -1,
  "guiColour": 5257771,
  "fogDensity": 1.0,
  "hasBiomeEssence": true,
  "variationBelow": 5.0,
  "variationAbove": 10.0,
  "waterColor": 13390080,
  "seaFloorBlock": {
    "block": "biomesoplenty:mud",
    "properties": {
      "variant": "mud"
    }
  },
  "fillerBlock": {
    "block": "biomesoplenty:mud",
    "properties": {
      "variant": "mud"
    }
  },
  "averageHeight": 63.0,
  "topBlock": {
    "block": "biomesoplenty:mud",
    "properties": {
      "variant": "mud"
    }
  },
  "fogColor": -1,
  "temperature": 0.6,
  "canGenerateVillages": false,
  "canSpawnInBiome": false,
  "enableSnow": false,
  "generators": {
    "glowshrooms": {
      "with": {
        "block": "biomesoplenty:mushroom",
        "properties": {
          "variant": "glowshroom"
        }
      },
      "generationAttempts": 64,
      "amountPerChunk": 1.5,
      "enable": true
    },
    "miners_delight": {
      "with": {
        "block": "biomesoplenty:flower_1",
        "properties": {
          "variant": "miners_delight"
        }
      },
      "generationAttempts": 64,
      "amountPerChunk": 0.25,
      "enable": true
    },
    "medium_lily": {
      "with": {
        "block": "biomesoplenty:waterlily",
        "properties": {
          "variant": "medium"
        }
      },
      "generationAttempts": 32,
      "amountPerChunk": 0.1,
      "enable": true
    },
    "algae": {
      "with": {
        "block": "biomesoplenty:coral",
        "properties": {
          "level": "15",
          "variant": "algae"
        }
      },
      "generationAttempts": 32,
      "amountPerChunk": 0.1,
      "enable": true
    },
    "roots": {
      "enable": true
    },
    "malachite": {
      "enable": true
    },
    "water_reeds": {
      "with": {
        "block": "biomesoplenty:plant_1",
        "properties": {
          "variant": "reed"
        }
      },
      "generationAttempts": 32,
      "amountPerChunk": 0.5,
      "enable": true
    },
    "small_lily": {
      "with": {
        "block": "biomesoplenty:waterlily",
        "properties": {
          "variant": "small"
        }
      },
      "generationAttempts": 32,
      "amountPerChunk": 0.2,
      "enable": true
    },
    "grass_splatter": {
      "with": {
        "block": "biomesoplenty:grass",
        "properties": {
          "snowy": "false",
          "variant": "loamy"
        }
      },
      "generationAttempts": 128,
      "amountPerChunk": 1.0,
      "enable": true
    },
    "koru": {
      "with": {
        "block": "biomesoplenty:plant_0",
        "properties": {
          "variant": "koru"
        }
      },
      "generationAttempts": 32,
      "amountPerChunk": 0.3,
      "enable": true
    },
    "grass": {
      "enable": true
    },
    "lily": {
      "with": {
        "block": "minecraft:waterlily",
        "properties": {}
      },
      "generationAttempts": 32,
      "amountPerChunk": 0.1,
      "enable": true
    },
    "tiny_lily": {
      "with": {
        "block": "biomesoplenty:waterlily",
        "properties": {
          "variant": "tiny"
        }
      },
      "generationAttempts": 32,
      "amountPerChunk": 0.3,
      "enable": true
    },
    "mud": {
      "with": {
        "block": "biomesoplenty:mud",
        "properties": {
          "variant": "mud"
        }
      },
      "maxRadius": 8,
      "amountPerChunk": 10.0,
      "enable": true
    }
  },
  "weights": {
    "cold_swamp": 2
  }
}